{
    "n_estimators": 108,
    "max_depth": 8,
    "learning_rate": 0.14625818562612447,
    "subsample": 0.8574355284830469,
    "colsample_bytree": 0.8326857553433635,
    "min_child_samples": 21,
    "reg_alpha": 0.009495396077378065,
    "reg_lambda": 2.0045926184979356e-05
}