{
    "n_estimators": 480,
    "max_depth": 10,
    "learning_rate": 0.20835743852442928,
    "subsample": 0.8356677510016642,
    "colsample_bytree": 0.7327380663806995,
    "min_child_weight": 3,
    "gamma": 2.1277059172312702
}