{
    "n_estimators": 487,
    "max_depth": 10,
    "learning_rate": 0.2123556076923868,
    "subsample": 0.7971501992665041,
    "colsample_bytree": 0.7059794224877871,
    "min_child_weight": 4,
    "gamma": 0.3675830850431523
}